{
  "swagger": "2.0",
  "info": {
    "title": "Social Media Process API",
    "description": "Social Media Process API to receive feeds and sends feeds through multiple platforms",
    "version": "v1"
  },
  "host": "anypoint.mulesoft.com",
  "basePath": "/mocking/api/v1/links/ae8618ab-3d42-47c1-bbba-6d2544f1e956/",
  "schemes": [
    "https"
  ],
  "paths": {
    "/feed/receive": {
      "get": {
        "consumes": [
          "application/json"
        ],
        "produces": [
          "application/json"
        ],
        "parameters": [
          {
            "name": "fromUser",
            "required": true,
            "in": "query",
            "enum": [
              "JoeBaiden",
              "realDonaldTrump"
            ],
            "type": "string"
          }
        ],
        "responses": {
          "200": {
            "description": "",
            "x-amf-mediaType": "application/json",
            "schema": {
              "$ref": "#/definitions/receive-feed"
            }
          }
        }
      }
    },
    "/feed/send": {
      "post": {
        "consumes": [
          "application/json"
        ],
        "produces": [
          "application/json"
        ],
        "parameters": [
          {
            "x-amf-mediaType": "application/json",
            "in": "body",
            "name": "generated",
            "schema": {
              "$ref": "#/definitions/send-feed"
            }
          }
        ],
        "responses": {
          "200": {
            "description": "",
            "x-amf-mediaType": "application/json",
            "schema": {
              "$ref": "#/definitions/send-feed-response"
            }
          }
        }
      }
    }
  },
  "definitions": {
    "receive-feed": {
      "x-amf-examples": {
        "receive_feed_example": {
          "owner": "naresh_saladi",
          "source": "twitter",
          "feeds": [
            {
              "message": "Folks, time is running out to make your voice heard in this election. If you haven’t voted yet, go to https://t.co/EcbUdX2aPs to find your polling place and head there as soon as you can.",
              "creationDate": "2020-11-03T23:00:01.000Z"
            }
          ]
        }
      },
      "type": "object",
      "additionalProperties": true,
      "required": [
        "owner",
        "source",
        "feeds"
      ],
      "properties": {
        "owner": {
          "description": "owner of tweet",
          "type": "string"
        },
        "source": {
          "description": "name of the source for social media platform",
          "example": "enum - twitter - facebook - instigram - youtube",
          "type": "string"
        },
        "feeds": {
          "description": "This is an array containing shipments",
          "type": "array",
          "items": {
            "$ref": "#/definitions/type"
          }
        }
      }
    },
    "send-feed": {
      "x-amf-examples": {
        "send_feed_example": {
          "owner": "naresh_saladi",
          "source": "twitter",
          "feed": {
            "message": "Folks, time is running out to make your voice heard in this election. If you haven’t voted yet, go to https://t.co/EcbUdX2aPs to find your polling place and head there as soon as you can."
          }
        }
      },
      "type": "object",
      "additionalProperties": true,
      "required": [
        "owner",
        "source",
        "feed"
      ],
      "properties": {
        "owner": {
          "description": "owner of tweet",
          "type": "string"
        },
        "source": {
          "description": "name of the source for social media platform",
          "example": "enum - twitter - facebook - instigram - youtube",
          "type": "string"
        },
        "feed": {
          "title": "message",
          "description": "This is an array containing shipments",
          "type": "object",
          "additionalProperties": true,
          "required": [
            "message"
          ],
          "properties": {
            "creationDate": {
              "description": "feed creation date",
              "type": "string"
            },
            "message": {
              "description": "text retrieved from feed",
              "type": "string"
            }
          }
        }
      }
    },
    "send-feed-response": {
      "x-amf-examples": {
        "send-feed-response-example": {
          "id": "1323761880234553346",
          "creationDate": "2020-11-03T23:00:01.000Z"
        }
      },
      "type": "object",
      "additionalProperties": true,
      "required": [
        "id",
        "creationDate"
      ],
      "properties": {
        "id": {
          "description": "id of feed",
          "type": "string"
        },
        "creationDate": {
          "description": "feed creation date",
          "type": "string"
        }
      }
    },
    "type": {
      "title": "message",
      "type": "object",
      "additionalProperties": true,
      "required": [
        "message"
      ],
      "properties": {
        "message": {
          "description": "text retrieved from feed",
          "type": "string"
        },
        "creationDate": {
          "description": "feed creation date",
          "type": "string"
        }
      }
    }
  }
}
